,PC1,PC2,PC3,PC4,PC5,PC6,PC7,PC8,PC9,PC10,PC11,PC12,PC13,PC14,PC15,PC16,PC17,PC18,PC19,PC20,PC21,PC22,PC23,PC24,PC25
bitcoin_dynamic_bb_signal,-0.05582680581618182,0.010994588870636094,-0.024957542835481232,0.0887883202014922,-0.02640480054950466,-0.08300583328516843,-0.028784740225081432,0.022142300478468532,0.06424352719164389,-0.04219861619739981,0.19101224996856633,0.10507076215803422,0.1597170910962534,0.042460736527798464,0.18068606004922166,0.285344672870988,0.05146856538026182,0.012585083585386183,0.007261522239746599,-0.20442149944478588,-0.1917800020959451,-0.22476679255498955,0.5093563679229638,0.006942280364909678,0.09499387233016736
bitcoin_macd_histogram,0.09217438106821874,-0.029510234899455194,0.05601715885846115,-0.19532472426334196,-0.14904578252281675,-0.010521727676088583,-0.11812304185328712,-0.11498798992602952,0.12645363726044967,-0.03664628317184711,-0.007559626757938698,-0.002644315356100886,-0.039588494029438245,-0.008343279690437338,0.008266105182291275,-0.07361481199484043,0.07904575810997863,-0.1209064929963572,-0.03336936751061619,-0.09790567003429834,0.007871836793217894,-0.10568615474980533,0.01770197756183893,-0.12305715096195255,0.0527127767249968
bitcoin_var_95_30d,0.07058477496216109,-0.2177839188207198,-0.04668904863851164,0.042333417229899084,0.05504799341697414,0.023681543108040215,0.08714538541972233,0.06932105905348415,-0.16512646123488103,-0.028225497049722215,0.015229408938906175,-0.05303798889864231,-0.12236845003335117,0.0049464781259419555,0.04468349000052926,-0.027859858503327173,-0.08303312634777371,-0.005167924054649994,-0.06305604677766999,0.03059000533987686,0.03244332093812235,0.013741424450375576,0.08689297799262857,0.008461902559602344,0.13120121189679862
litecoin_btc_ratio_momentum,0.06931781858633508,0.019510876343964256,-0.10347954492266104,0.21694384550135992,-0.00705218733630171,-0.1366804098564261,0.022251666812245365,-0.05481487216391914,-0.0237545617456333,0.09493971594100882,0.052453650213768216,-0.032755170736172706,-0.10145720031686328,-0.19958815420251189,0.043354090428234404,-0.16221780338533992,-0.04456206294846916,-0.12202759352642534,0.10271182986068575,-0.06879636466448275,0.047376880091561574,-0.10995421165315034,-0.025901171280175522,0.0003467479991295481,0.026761519721133956
shiba-inu_bb_regime_type,0.018199360076199603,0.10166231136736523,-0.025948839876418495,-0.029633817536535045,0.03579192323130771,0.08355601378715993,0.06018783303004388,0.009697702183174554,0.22859134115071644,0.1792097875061988,0.30285595196088355,-0.10464504055274182,-0.17297139958534447,0.07591798848398798,0.11025489276714863,-0.11542357059402406,0.13919948759351744,0.0445120682923528,-0.0596280026054007,0.04232710151748552,0.15718902045894478,0.1162869307384247,-0.04786259968246165,0.2365365124254157,-0.21901959432518475
ripple_price_sma7_ratio,0.1273694694443516,0.0842654148969014,0.00673155166992051,-0.020775793027779932,0.04833932460830678,-0.06616361063061485,-0.09273285168118968,0.0019696223481508734,-0.12148568744554493,-0.15441055225893494,0.0074076225825081,-0.07781188581384872,0.05020958292309896,0.00837716586730974,0.09373618962228547,-0.12416708940424041,0.05936729426181552,0.2341631105564901,-0.10743157048807939,-0.08197752234450223,-0.047699527808575296,-0.02351211532452313,-0.01606973425812025,-0.016417249356128736,-0.09697304222219252
bitcoin_momentum_10,0.12933582141840008,-0.07111207096421931,-0.0003340587858298161,-0.1472444221595835,-0.029613401056737904,-0.011883247694080001,-0.037189496577454184,-0.07393335389121841,0.12344815741259016,-0.0118515682317155,-0.1267162218046747,0.007667265484837649,-0.03555452058663244,-0.06508159471525964,0.05550703280573466,0.016918443385347537,0.0037180032101097812,-0.13193672391330177,-0.10223443184372762,-0.04932291857969778,0.023518532509441747,0.02476909770298414,-0.006416338395001664,-0.020452919210480952,0.05492718618438516
solana_momentum_10,0.11103917099378784,-0.054373106448418085,0.028085714122479233,-0.13524651044923894,-0.06907095581770564,-0.026533615616645842,-0.10769414848932136,-0.09375318879493863,0.1040995729157912,-0.007492355265279499,-0.05783235012525806,0.08867789892245106,-0.04304977200313818,0.03117002633254046,0.23295314577129295,0.1032452575386904,-0.047745652813869034,-0.1494441701456904,0.09376392294271736,0.026735437384844102,0.0529202464358129,0.0980985783501089,-0.08398786710618951,0.056431616500676025,0.09358876313254857
solana_reverse_bb_momentum,0.06617725798164555,0.03597635548016198,0.18128334470297353,0.0431563189648321,0.1403545069316121,0.04600103508506714,0.0041745274919708225,-0.0902735571883377,0.014162125540905679,-0.009574849015037162,-0.019835701615084522,0.09828878344203476,-0.02220050386175112,-0.0042564742362107754,0.11342115704032316,-0.047750669652847744,0.0053918513398344275,-0.011058355428400252,0.0913704513776857,0.005340757418860573,-0.017372472146298425,0.02739445485115359,0.09714569110165569,0.2408263679400767,0.2023052618974057
dogecoin_bb_regime_type,0.046309482617805674,-0.14621221293335668,-0.06812236069104849,0.015672778329831397,0.17784868341814264,-0.1356305727305937,-0.058746437981427896,0.07622759024804407,0.05810535962418051,-0.007279362484713892,0.02514711129565851,0.000495833460178341,-0.11534971085209297,-0.054006042581124555,0.04600692036758269,0.09911769760760052,-0.1781396340033165,0.03991183939137429,-0.059912451819346284,0.0028306731719877354,0.034644987697680804,0.03874277627509064,-0.034560611891756576,-0.09762151182854135,-0.04377422227338315
shiba-inu_reverse_bb_momentum,0.06984795748673125,0.04702981518020922,0.1802389013250611,0.08405141518630614,0.1343775739314348,0.05323244518548792,0.046052675324697284,-0.09797595388215571,-0.01733120742098357,0.062349375160887024,-0.0187728579378591,-0.034416498591965744,0.03293047543687122,0.0015477977836612922,-0.03181271154308052,0.10983049623380003,-0.052172378764336724,-0.019680790614625614,0.07782228483460145,0.11349567158970726,-0.08053023531705263,-0.06307594665101747,-0.00403026878676957,0.00808382122455552,0.06617576787115788
crypto_vix_30d,0.0030187300556737953,0.24018010096137862,-0.09033447949791988,0.009347122392130022,0.04122039463988997,0.0770454863988819,0.030931214368171256,0.11157197214509193,0.1784248457793322,-0.07069122165383615,-0.07982833360525565,-0.0016072202788327272,0.07507290859012808,-0.0803791602800385,-0.05541528373582544,0.017369898978460363,0.05851643099339862,0.013937406709718827,0.05167984671637163,-0.06188534272610597,0.02471685528357012,0.12587639956472502,-0.06752492900159199,0.051614254688797954,0.08838218922324148
ethereum_price_sma14_ratio,0.1441114760403225,-0.08108568242527216,0.003928924442605496,0.010818636812272645,-0.06641114692889989,0.08316353652638725,0.023331717596784207,0.01158000772778714,0.05568583312028627,0.08390316647144455,0.006095409293816578,-0.0877439168191626,0.07897555303319315,-0.10839884259444274,0.06304697682046043,0.049471877118434954,0.10900576015946115,-0.01932409860211454,0.05983378899132984,0.0014836546734875722,0.09393515071816633,-0.021823178875702134,-0.006170151361518397,-0.06640804699563198,-0.03616144288655868
cardano_btc_ratio_momentum,0.11045421480578706,0.13876884474514184,-0.08648273080123584,-0.05419666863945314,0.011916722622792204,-0.054070331972076044,0.0030073899841472906,-0.10179327851272797,-0.15756056322356404,0.013192513514280323,0.06499727478126982,-0.05031849684972548,-0.02471892114577981,0.060678942035579025,-0.0551721121726175,0.057970599194253805,-0.07829541365416694,0.045661716266601315,0.03865137693675383,-0.10705279224431563,0.07665265566393055,0.07088319152230231,0.07070070435272471,0.059497780096949365,-0.05999530140706147
bitcoin_price_sma7_ratio,0.1274424115831896,-0.01970934460348124,0.13675827822724668,-0.07281029794133853,0.001694172368967968,0.03762316067979528,-0.08778183882423998,0.118477640183346,0.042880582624926875,0.01840833075436671,-0.016975570793424488,0.06855754612748083,0.002788137806542468,-0.11407715407402154,-0.08055724679861992,-0.09739158243921392,-0.023843182334348928,0.020517537760676635,-0.03214453401794209,-0.06265621775373684,-0.039849419575090674,-0.049663962576335166,0.09464481462377033,-0.05167587401104495,-0.0055345963241362275
litecoin_momentum_5,0.11073531581493898,-8.544295506229651e-05,0.03665299993034791,0.1366327953956248,-0.0560857504498936,-0.08553921670818183,-0.12881365396766248,0.10726707043710398,-0.04751481266424776,-0.08929787151603563,0.11971238699469212,-0.08038376003038647,-0.02473182582951463,0.03186596857005755,0.004423614040308221,-0.145691474145032,0.041263349005967606,-0.012501524176735054,0.0012384592900599734,0.058980349956611666,0.02444913943015395,-0.09763323671859479,-0.16214368048484668,0.09036953818458338,0.09817940935786329
cardano_reverse_bb_momentum,0.07069385013673132,0.06335655807310646,0.15873445332519664,0.03821358042373904,0.14341800084747158,0.02474929686486905,0.014981666696709504,-0.09174805434329525,-0.08057312734774053,0.010737652451904556,0.057784836820087254,-0.03263679140843179,0.02943447399696633,0.002186465414831369,0.07220551804224873,-0.0359624256733887,0.052589590476865324,0.09047084317235551,0.08354640880727705,-0.1432729741298718,-0.10328412052646535,0.2382823907377011,0.1307865543813551,0.13694523468867242,0.19900890211191252
ethereum_realized_vol_30d,0.021434526605457572,0.10665297652747165,0.006139720410990063,-0.022955325957788205,-0.16527380139320544,0.23147923496801687,0.20172449710977494,-0.015265999713936884,0.07485947340111881,-0.20134864006540149,-0.00685159509348332,-0.03979223566597842,0.05702472402794068,-0.02351226711601131,-0.05070530154210501,0.01177550422244672,0.04743958719007203,0.05834144527750648,-0.03623119285697008,-0.09094955749730341,-0.012592017887638918,0.10070434223042517,-0.07499009539869819,0.08514452520919115,0.06331728054140204
ethereum_sharpe_30d,0.11652697874296512,-0.0971354324476103,-0.11155542909367229,0.01063757141090772,0.06646706577724028,0.13147377159915236,0.13305768873174384,0.0944440175707454,-0.020042982510095467,-0.011158821468704838,-0.0007684422936283797,0.02024214528491827,0.05477580408170435,0.07393360124360056,-0.02035529526622457,0.08242947919149149,-0.021939317625370852,0.04912689459138696,-0.0463619075007966,0.014536352347396753,-0.021163285070673943,0.0384115563334768,0.03798276792512034,0.05417176254760131,-0.027053396627517184
cardano_momentum_5,0.1189040761654973,0.0548939402610948,0.05449868040482406,0.0037967007157598464,-0.06050788689601709,-0.025446027271911642,-0.13871533327432445,0.09401190580106196,-0.1364912092310433,-0.03282739764639736,0.16913284387209207,0.0012969871706324798,0.056157362604465355,0.05598600260049141,-0.003672321128599443,-0.053505771063972085,-0.027159054838096275,0.1294096462757468,0.06076671111671709,-0.07631865337209422,-0.02804717458189067,0.18051857050628567,0.015303027242548242,0.03418960733653263,0.00150857680732875
ethereum_reverse_bb_momentum,0.08466283412160064,0.019473611006631815,0.17883202447871696,0.08439577005288297,0.13427275152351806,0.08059453372780745,0.060625080365168345,-0.05649232126324766,0.01816353476273548,0.017946456146749612,-0.01887050339743529,0.02153528902631402,0.008529295847416057,-0.0768164534701543,0.046902102641545984,0.061928749011898154,0.06221613736228639,-0.07653772686790453,0.07083630622355049,0.0808663118848561,-0.022748719806037015,0.06381249838742642,0.016958550800083627,-0.013794863518521144,0.023498234845651042
tether_vol_14d,0.05454282016929756,0.11497818116491704,-0.11632220158257733,-0.09853430882417824,0.21810418670765028,-0.07097440188786755,-0.10013685247405898,0.11055125614828763,0.04120792503989194,0.1453675124235161,-0.01410163543168097,0.004593747838875839,-0.010853975548748007,0.07929831160524348,-0.02555135798957031,0.09086588746897727,-0.02732646235520958,0.03393467933343826,0.05292668303126929,0.05325283902715816,0.015099306407238777,0.07375738089695205,-0.0325317890254427,-0.02597900973013375,0.037765057723268644
ripple_price_sma30_ratio,0.1213288828177512,0.09912499768160488,-0.14908420994210497,0.00255165025411621,0.09269680347898389,-0.059550251065727686,0.0034323433777752052,-0.019628883747892324,-0.04093681699317989,-0.15079786242619764,0.01267929738182844,0.02029746542293054,0.039003022506120366,-0.04876858565559594,-0.018145375180242784,-0.02576863680284995,-0.006722017225425182,-0.03675035889316117,-0.035344702063175124,-0.022807256465452258,-0.019763032848188006,-0.011336887578906125,0.039819959255686405,-0.01375699541546742,-0.026347323935841695
bitcoin_rsi_30,0.13615589509214562,-0.088620816984814,-0.0892906330413614,-0.0669127267098725,0.12957117985848246,0.021434519627520618,0.020170945015847104,0.08559007652809615,0.014777548835106947,-0.04609496228597555,-0.02008298096622225,-0.008578737450835414,0.005053427755072254,-0.011044462060612263,-0.060852956404331304,0.04450656952381021,-0.006223701558905781,-0.024568747572681918,-0.04231343890255469,-0.05877147219159029,0.042850856887127975,0.050593034127097286,0.06196111556841457,0.042623155779440765,-0.03052388700762232
dogecoin_momentum_10,0.12985715296198824,-0.015878803370060805,-0.013681547007547977,-0.1283878296748091,-0.07003073455743201,-0.0703684706910059,-0.06641176529550571,-0.11122717218920714,-0.01404983457217497,0.14902041113863482,-0.12908019988732983,-0.06720103306811176,-0.035704316877010964,0.05953863938041851,0.06155403912142332,0.001183551632511201,0.024325849005606193,0.07443170924277073,-0.04098195138696559,0.022899459421558313,-0.01053569713299013,-0.0031090956392506863,-0.06200276918015385,0.06813172843402676,0.07920321703003058
binancecoin_momentum_10,0.11588980526250398,-0.007652423995581641,-0.01357480230086298,0.10486737344008862,-0.10372397337837387,-0.005225151803704205,-0.04527932084065012,0.017667403739199727,0.16288211109644302,0.06178754683645587,-0.23361628427076472,-0.08858158632967897,0.03406171293294677,-0.04703962544938617,0.1633579738817857,0.07762769627201993,0.05567731627248229,0.03713848676507165,-0.16488125572335424,0.044555078984130164,-0.026114436223909965,0.110721403469286,0.003427534631109612,-0.06372420976881346,0.043562665300654044
ethereum_vol_14d,0.022336804535676325,0.12362903166747578,0.017846875002019837,-0.10880554193876261,-0.11153088226005942,0.20546814436170688,0.12422262341667795,0.01986524521982544,-0.1233577328756522,-0.11589598937295845,-0.08212581220241102,-0.007333756212710572,-0.11965658811581406,-0.055005163058181594,0.20935104784880193,-0.00411658252098842,-0.2240978495010043,0.06865543729946202,0.12357334957332503,-0.021557462625017537,0.08584961668251034,-0.09962839516187635,-0.018213106375307347,-0.06010145649594556,0.04372729382364708
ethereum_bb_regime_type,-0.04735175211700788,0.10428886308164996,-0.019197578859893365,0.09400675434247967,0.014653338499586924,-0.008151563423809407,0.050848341846862266,-0.008752390991681834,0.19209649265919457,-0.05834111911781765,0.2168714166700631,0.10485849024530301,-0.03400944532659618,-0.1070327208383478,-0.008509624303811636,-0.08289380135590513,-0.2657937905566401,0.06427806612806376,-0.1422780331773657,-0.036966764760869575,-0.1868451495603826,-0.08748609905030727,-0.1498393515298428,-0.29029336477699474,0.3115407021602785
ripple_reverse_bb_momentum,0.08243744671984375,0.07317220015742373,0.11632671884897217,0.011621439913046058,0.15802303872477955,-0.020527712367584643,0.021244658182371944,-0.0976153806268777,-0.0831233602079225,-0.07721312184946616,0.0023012195338514394,-0.1081738709941462,0.10001323478854525,-0.01778250786399045,0.12776709239748701,-0.07587590315249904,0.05583327928656301,0.21834062991050832,-0.12082900495147567,-0.0700570513763564,-0.11325970257926066,0.02991188661343258,0.03520751333775937,0.05602616068760639,0.10384758055470938
ripple_bb_regime_type,0.0019873802678290198,-0.19339713888006463,0.06556959658134674,0.05695802513548574,-0.09322464138751858,0.011557567905398646,0.03734373519970771,-0.052443156489943056,-0.056533619713295416,0.01759122849458822,-0.014483088289898744,0.0918538349845073,0.0708246301526323,0.03209847472417631,0.0556878201973344,0.11766105951277124,-0.19104473276722947,0.10012193362212174,-0.142080661756375,-0.17467839065335986,0.04092204945216715,0.16625404500038637,-0.17198774214441104,0.12710456540290205,-0.11613218925710855
polkadot_momentum_5,0.12191394011404424,0.04546756724644139,0.026110277230426363,0.07490614856987368,-0.1147188237008036,-0.028068481887806983,-0.09985878214127072,0.0746658112519745,-0.12017943797518797,-0.04530675599322661,0.15822776169022618,-0.07228065376477529,0.0572125328280271,0.10629216440144221,-0.11710018341447855,0.08627890415003808,-0.041370171391971,-0.1168364162780754,-0.0151464550252957,0.1519736738766752,0.10318252947788872,0.04863217265300454,-0.0675173104797265,0.06280267872910132,0.08200672428297476
bitcoin_rsi_7,0.14318968925494246,-0.06693468731225782,0.05537521661087995,-0.10245388223124328,-0.01147548174299447,0.053304729517360934,-0.022034917912513195,0.01691810234299197,0.10713989905056698,-0.03999835294327197,0.0029130616260038423,0.047360403879841674,-0.016879515832317723,-0.06623720460984635,-0.0642979822056349,-0.0818621666644995,-0.0736018269415337,-0.07834876649947364,-0.05784617474919566,-0.07599465226178713,0.04275239696062172,-0.025227437674882478,0.05883176434906266,-0.03036819301196551,-0.05612525806209823
bitcoin_bb_regime_type,-0.03992136320224176,0.06929292435264883,-0.004465305961200173,0.09106486776743702,0.005263454599162188,0.020941815004873375,0.01411884090777811,0.04281017032467045,0.2483339410829054,0.09283210901118634,0.3904311212391652,0.08127195929882579,-0.01818194082108376,-0.011504190934472688,0.15664212577356434,0.05044505185335366,-0.005284857878721768,-0.06915250380812682,-0.16343967166245765,0.0435158300085217,-0.03899276745324104,0.013896361634146565,0.24774085065290968,0.09384830950664115,-0.1907526658109971
ripple_btc_ratio_momentum,0.09891408233140091,0.13136513644236295,-0.15767114466534474,0.045826751549651275,0.06817602964892377,-0.0831248181729769,0.007344699141121413,-0.05738134848925571,-0.06948741675644485,-0.1253785203706374,0.009604393818415633,0.03154879041072773,0.03198586797816421,-0.07191036414952298,-0.014503028014680614,0.05074729893223907,-0.05588462247900919,-0.08227515121795531,-0.00018156171154663913,-0.010279281320183855,0.026344235554391013,-0.00737988356394531,0.047053406078453715,-0.00870063664651365,-0.030652426952552183
tether_sortino_30d,0.06777055034531203,-0.037476813619655866,0.03696907296879231,-0.013506561463630539,-0.05593960862901677,0.003504406057081987,0.2030208635139761,-0.005314541903565186,-0.0024872045483888654,-0.13477384354747515,0.12375659028190511,-0.14204990425806868,-0.14335581581825144,-0.1926900838340952,-0.08942400411903678,-0.10590460879882425,0.2414099039252431,-0.09584936975887667,0.13116125335788595,0.12747183870468412,-0.059501126318290035,-0.10165322406298599,-0.05249128091443318,-0.03207177210337261,0.08570059132766177
usd-coin_momentum_5,0.011295275280012661,0.014052965101892138,0.03243402446401877,-0.039535372643978765,-0.0344314781678748,-0.18034091007723066,0.1678976543168645,0.15187716467481938,0.03682062156792139,-0.03832252227463155,-0.07016171892944216,-0.04740190428629028,0.19168535455917715,0.22793366358276626,0.14820775566277877,-0.1984991469531116,-0.010442506992138218,-0.1734798019433062,-0.0290247883354056,0.008166145518180004,0.023067354752686273,0.16439150634960545,0.06381316496632504,-0.1772037737828965,0.056297579287402255
binancecoin_price_sma14_ratio,0.12612928571940174,0.0034736974150654664,0.0316325511678319,0.13543784509670126,-0.08859893529232782,0.03882253992222472,-0.07588895382008065,0.1035569494964004,0.13293915785757499,0.02091364989681977,-0.17148112021043188,-0.08525380421645093,-0.008877476830123705,0.014208260531736497,0.05736008693668646,0.07358569066556714,0.04975760211789437,0.024160451558170874,-0.0778794155249157,-0.00888196074393688,-0.030786582957263057,-0.025476050544715637,0.00947131518772458,-0.05431364126482231,-0.04276257342260547
matic-network_reverse_bb_momentum,0.08094445374904084,0.06265363430397305,0.1611582600309963,0.08629651732368643,0.14297659993190506,0.014249439209948481,0.061873554879895556,-0.11833072741082863,-0.029600793420090202,-0.03533314003051439,0.036041008352247175,0.011473306329670637,-0.0034849187348030635,0.07349035512075752,0.025924168223272998,0.091468069348339,0.08572803368986759,-0.057507174189218996,-0.02534335839913288,-0.06035943512349036,0.06005687522621222,0.027077263571718264,-0.09649393403881296,-0.10884144368198523,-0.04531778131630691
solana_bb_regime_type,0.049141755449256454,0.021704433893492425,0.024207915068063152,-0.018138191809506585,-0.16309064508183035,0.08871993705112957,0.0589408146766037,-0.20588105571746035,-0.07246392289214215,0.10201856275294605,-0.00517054069719305,0.051828000698989116,0.03999639455109676,0.29826243727319623,-0.12872800019599984,-0.10461781792656509,-0.17129342663954147,-0.020398732652288597,-0.2391788341027313,0.154918225269223,-0.14790402990825682,0.01676079031998319,0.1312735580619511,-0.1264318802773921,0.07161394340050221
shiba-inu_btc_ratio_momentum,0.08840112752367106,0.04610441016882451,-0.02797771779260813,0.06524708169088965,-0.10750956611241042,-0.03521584516246567,0.0014660201525883482,-0.14948147336976117,-0.0010886397831355286,0.2816183707657821,-0.05839825493904122,0.008416249419703929,-0.020952697968982276,0.04745346239283996,-0.11674089884330241,-0.12240635086246333,-0.0785610425488412,0.18881088461061818,0.19166534099796498,-0.08652375391201671,-0.15792493695449275,-0.21057263232104853,0.02555003840963097,-0.0942563252711066,-0.0032919420801920383
ripple_price_sma14_ratio,0.13606728157949707,0.08986880565271133,-0.07782249886849749,-0.03475500478755729,0.040780291259084125,-0.09183828779471323,-0.05862460692314116,-0.048765939409687646,-0.07772995338739366,-0.1440343162596639,-0.023275449071262076,-0.03468676514912947,0.020569154856796903,-0.031058241299732496,0.058561070638869415,-0.06193606165235176,0.023018717691194124,0.08309062856032018,-0.092490325953915,-0.0523760930454202,0.0018916272466625976,0.0034374223619972927,0.0058843626300028335,0.013806846700148744,-0.047318732093511666
high_vol_regime,0.04163741177866596,0.1868018183220213,-0.1167032165353206,-0.04649750659419715,0.06180104829123123,0.06305709639225629,-0.014363625972622387,0.09252727494617381,0.0917797668903559,-0.020664771544975574,-0.18363784297921065,-0.06199849611175123,0.1555654464710257,0.06737380069255226,-0.18742625217266373,0.09500989184600302,0.10161858380470049,-0.019024551519709863,-0.031096439093953133,0.02677838667125174,0.0026016098547875875,-8.042646331332185e-05,0.026528257129771495,0.02197201131760365,0.07395172546160628
tether_vol_7d,0.0405961929887636,0.09370343502427773,-0.10776654411645703,-0.11843538800699897,0.20773683151296454,-0.06769955208514672,-0.06135102270388433,0.06188658763663049,0.013506369606238485,0.202095161539729,-0.09803443193319433,0.025726063548899364,-0.020609053355638677,0.07653932897399277,0.02233705389300283,0.00972929384928711,0.057387022412326245,0.09861311802444689,0.052047200336500336,0.061919181046701806,-0.024003299047359566,-0.07125843076845258,-0.0217341220191112,0.0012325347550163443,-0.017452870727775977
tether_momentum_10,0.04669484643433629,0.01178175620502285,0.08908910334603107,-0.10445319495483806,-0.08471757717674493,-0.19457857630675002,0.1815651004151259,0.03530120712484603,0.035396178260357535,0.052687830868768375,-0.05943295479222369,-0.013945606026675869,-0.14257527038727508,-0.10797795584766894,-0.0586330589718749,0.20045473826566454,0.01951109558687788,0.09478762926668746,-0.04189027883583883,0.10965228898606108,-0.16212994326541572,-0.15014268644074452,-0.017116448359864322,0.22574054780539085,-0.04597740809585703
binancecoin_price_sma7_ratio,0.10415217886989257,0.02643114622671594,0.10543127928337881,0.14835351236515226,-0.039729095051726664,0.07446683124601976,-0.08932409364909477,0.1891764385406857,0.04716013094996715,-0.04516464961108004,-0.076484781469704,-0.04679782403188767,-0.07640976219847033,0.10383648057070291,-0.01951898583063279,0.09812491845024982,-0.006710516374291568,-0.027902583251516275,-0.01674583531686687,0.02085001037496321,-0.059157999842585234,-0.11689405695015676,0.006395920722130696,-0.03250652075993313,-0.11235521653373291
bitcoin_rsi_14,0.14704075404025937,-0.09369992679729443,-0.02164963764200555,-0.10046855679878289,0.04107792293894361,0.06183096099974602,0.01995659643340048,0.02554154629475794,0.070986410460272,-0.04584872208019884,0.01367810223972264,0.01273579859218085,-0.022278982116729164,0.002867547543665655,-0.06172369708776134,-0.02998354031740863,-0.024149237035435492,-0.056975888819919975,-0.05511295925769959,-0.05818365875410186,0.022137291069804634,0.0031436408195661225,0.07346330088174331,0.004160401148275576,-0.038019637679801044
ethereum_sortino_30d,0.10734712656173709,-0.07388061928427718,-0.10990455178604375,0.04226528667265366,-0.0012968305932358282,0.16619205801957307,0.19721331018529384,0.06414896431674272,-0.03450837530939199,-0.023868900290563835,0.014011415338583516,-0.03881369214309949,0.01220039310317827,0.047952149928520045,0.04463168737821255,0.022354864451205037,-0.06907475415909073,0.13239696681823768,0.004186122299279115,-0.004706935427764035,0.042998842446263195,0.011479875327490861,0.006143995385896233,0.05558044875515642,0.05155676449317906
ripple_momentum_5,0.11454996523747099,0.06350277701197908,0.0052928155134445536,0.054224325171890464,-0.020575522761510538,-0.06464463180127918,-0.13609324617605573,0.06972900930133637,-0.0876448220931055,-0.18077018069615403,0.08334184566016775,0.023569691676508086,0.055887346185998034,-0.03200680930222625,0.13917288921509438,-0.1503490161131216,-0.0026854694974723426,0.25095712250347957,-0.0012131132273579778,-0.0560118007458224,-0.05081818273232169,-0.03338208276145292,-0.049652287935473174,0.006207052361297342,-0.10849401018667645
solana_btc_ratio_momentum,0.07424428374161376,-0.06891850249751946,0.02518021531877299,-0.08873079680498613,-0.05990154692269027,-0.042942171920891066,-0.07697538661113187,-0.17003475497771042,0.14672923748223404,-0.05256733681242551,0.10514947656402379,0.13647408371079547,-0.08943245912404951,0.07616408168298676,0.1920357027549507,0.10115268851377775,-0.10052027105348275,-0.03293595594664841,0.38238973011513594,-0.004124314638305438,0.07851163626273346,0.021690874613117212,-0.13859352977213532,-0.015238675047958446,0.01059833286309528
matic-network_btc_ratio_momentum,0.10525771718073101,0.07726245593023738,-0.10455877966623413,0.12728009428337608,-0.06787255260634585,-0.05593499035227623,0.06041204135460662,-0.14285135302513335,-0.02099705148495904,0.01916345494511651,0.09645394438732742,0.07775738271144597,0.07022828788406098,-0.04963714471720022,-0.12274719051774102,0.03899467427026796,-0.02590083607365078,-0.08978708243505386,0.04962861180555895,-0.06326430238109702,-0.017697712616582387,-0.018930075810179563,-0.051634101493232505,0.029815965751389093,-0.14291660280114096
crypto_vix_14d,0.023293084151426585,0.22845038681445778,-0.08389877064030717,-0.0745955695718687,0.04495095198970363,0.09714320497485811,0.04349490847118586,0.11788891094791037,-0.02398906179157504,-0.07096404528672648,-0.09929555816139084,0.009604001892261889,-0.12466429197709293,-0.0692528155076074,0.09222295580508422,0.03624515127202661,-0.18514273785683044,0.0010365913284082475,0.0844180684432147,-0.05755409845225388,0.10019473315220918,-0.02202868316636538,0.10306823965925388,-0.040741560110710694,0.06774930099288033
ethereum_price_sma7_ratio,0.13104054592038947,-0.042294621543478204,0.09086086886408143,0.04757310340387801,-0.04459174504522383,0.10067071673979011,-0.0418787141526546,0.11166094596081155,0.027558375188434934,0.05126438925294084,0.056970911048641326,-0.040440540630061486,0.09500993778631284,-0.11323236299617724,0.030136073073602353,0.059343673935267405,0.0703082346879502,-0.0660499772802248,0.08684922660200835,0.07449062703057056,0.04378168946118413,-0.031122343169618896,0.01166313605887625,-0.06638017988211548,-0.0810241185441941
matic-network_momentum_5,0.12329141290221447,0.04260503260612057,0.03314200152723011,0.08947356956275727,-0.1111675754725345,-0.027634860838134927,-0.08641776827692152,0.06406897601525771,-0.12428801165195445,-0.05869075543527999,0.15661030690119684,0.03785976943557231,0.018620294601210667,0.09052426749919483,-0.15272421032546543,0.10835289646703676,-0.0062109371557514306,-0.09340299003406602,0.022336908056808904,0.08431016865777331,0.0642245177812051,0.05479325564825291,-0.06404470570859691,0.0539922045913851,0.06988591737985256
cardano_bb_regime_type,0.0039425752068524165,-0.012550601881109893,-0.02890422543030493,-0.07520941327754611,0.00512232823480401,0.008077864756252417,0.053412091290451526,-0.10392421814113599,-0.0061089865702963425,0.023733465631226424,0.025664259699914885,0.2684061044658488,0.2905609314760464,-0.07596286460659277,-0.0370430786400763,-0.1325654396208315,0.11232344234698328,0.20662477823644892,-0.08995090231165416,0.3341553160692152,0.5049152604939717,-0.1041254779039468,0.24296372352746118,-0.060545359377607536,0.12196497614613502
avalanche-2_momentum_5,0.1267255633176237,0.038621735688861944,0.047399822006449537,0.0691092161043861,-0.12151269476022386,-0.005022990254183213,-0.11195224651038042,0.11029176858019513,-0.09533228589321834,0.01799073192785267,0.11616669497933245,0.04783130935968217,0.0734616565607285,0.06702678552663736,-0.08943496171088305,0.01969278072609976,-0.03499343834168353,-0.049262440450346376,0.06000616699350966,0.020445820130376494,0.05403996314180701,-0.008079821794798726,0.00990716460935817,-0.004730810964911498,0.06752770061900268
tron_reverse_bb_momentum,0.03966363027353679,0.042126547589892906,0.015488833582388726,0.09916533050460279,0.02300130049703393,-0.031176940302706246,0.03419240236501152,0.013782729215202625,-0.07649537689003555,-0.08013413619134795,-0.07257793799539035,0.2781549106465485,-0.21349346680047246,0.22107575758082215,0.07387678498464645,-0.12870287328031044,0.3656545850795542,0.005530271634588087,-0.12192075727375427,-0.20109165361325293,0.14719451979218215,-0.06034323891540158,-0.05831637522695454,-0.1098403944442784,-0.11971221597577035
tether_price_sma7_ratio,0.04732081790235531,0.024625988046476102,0.13278095188299283,-0.06613431661653105,-0.05430346593762911,-0.21796219439007025,0.2167893718971749,0.15653656259506585,0.024031508268363574,0.02841019975996259,0.057576143236468966,0.06065871282935141,-0.02941925083676951,-0.05114343891147682,-0.04722132397265013,0.09608159640193425,-0.014572228125836742,0.16289297409634257,-0.004930859087685579,-0.004067528566789706,0.02843270440904124,0.08348752594003152,-0.025861478575124757,-0.011819622790651125,0.003295971039693761
bitcoin_bb_width,0.011174797944226504,0.10412865876064484,0.03535610296167733,-0.17054375275342132,0.02766529833499836,0.08713068385353367,0.011992638203789104,0.07967379572840858,-0.1767758097676404,0.26308918148396104,0.08229157124248747,0.06923598823974669,0.08031281258529233,-0.07056411942786152,-0.005888956597465425,0.04588257812796542,0.07553744242222739,-0.1861474650380616,-0.16751402929567055,-0.14146351613955158,0.0035634844922817874,-0.09452160971737762,-0.17313767594822804,0.029759025323104694,0.10270480168535853
ripple_sortino_30d,0.10509027484753644,0.10224867287941806,-0.17086961084707014,0.03497684955640304,0.1064918944401234,-0.005753034828824394,0.062304151452032046,0.03107558066797703,-0.025594889654218345,-0.13030749071728545,0.028380634120348018,-0.014152038687110171,0.05388602210816501,-0.03619800478259158,-0.01700980703116576,0.010045700024951507,-0.01727423458937142,-0.0839452773327618,-3.212339981769667e-05,0.09661843863352243,-0.05257212437973475,-0.030413734046878405,-0.031185124265157304,-0.014934939221526673,0.009616305332114586
bitcoin_sharpe_30d,0.1283007194322507,-0.0981273752878052,-0.09433139505607531,-0.04529537292230284,0.07410355621402691,0.09632358232418295,0.0941235950257722,0.057496317836661245,0.028966706175010407,-0.03164423473011898,0.0628892260770339,0.0018225454444918837,-0.08944496794649842,0.09841895149034056,-0.04876776013696531,0.014476327806750679,-0.01937763853020573,-0.015528300171348892,-0.012274964918132169,0.08258215823455527,-0.08216469791995697,0.009935797390264685,0.03879441163859417,0.0007513603734224266,0.014982259870742014
ripple_momentum_10,0.12348415861022753,0.05624247680152315,-0.08267114352187581,0.02645922576010176,-0.012020270711665422,-0.09613424565219292,-0.046973599639398275,-0.055623975145537304,0.035693957539459704,-0.0948791870258841,-0.04667502202119886,0.08090118286834405,0.03896899167570856,-0.17995049297399027,0.20126845950201902,-0.044947029778361486,-0.0649459939440772,0.011628805330181083,-0.07407561609693243,0.020189393570032233,-0.031431329481250325,0.01659779523982334,-0.024252436119823355,0.016464005193987927,-0.021383927132436274
ripple_sharpe_30d,0.09654084686859328,0.09018572178894212,-0.16264747709160393,-0.0038075333684729003,0.14050530466168426,0.04172872112192537,0.07012419840162402,0.1021886613372082,0.06603363281612333,-0.14084596166142174,-0.012774475749702698,0.01997072409282848,0.008046381581125486,-0.07451749065329612,-0.013414468855276394,-0.0008293896902251594,0.012143427494120866,-0.035306603087521655,0.08150486282273756,0.03754419662435927,-0.06187630639441751,-0.04479465055997285,-0.06547039586248866,-0.04135171880841193,0.09187281282319557
avalanche-2_bb_regime_type,0.02261359637089601,0.12015627150118886,-0.03013435533054146,-0.04564488693542538,0.029350304088677132,0.0626953831662768,0.012764379657626853,-0.021318100605176953,0.2665533626422744,0.18030153759618373,0.26504752912444945,-0.07282259234009343,-0.1872966075693439,0.1468589589202569,0.08540099851218902,-0.16277267612051444,-0.050746039793949094,0.051883341443110874,-0.09584925327229883,0.05755763283714697,-0.010834343554846214,-0.0040320470425658965,-0.06870504960158626,-0.08690471321057464,0.13211261074208477
bitcoin_vol_14d,0.018571611026121922,0.22603823733114392,0.027645388860158125,-0.18048701790231791,-0.0475424005253815,0.073008932745392,-0.02948594952478444,0.020472587098781192,-0.02463115196730003,-0.06049096873678676,-0.06825060342660645,0.03928305808800579,-0.06308515061947427,0.09616501067373767,0.07911074042168185,0.11748790711436562,-0.10173394151669365,0.04216724373584372,0.0007741157579390347,0.07486868700649116,0.018131160043286944,-0.03780467168858201,0.01823056408046369,-0.011988687834605742,-0.01936122810558948
polkadot_btc_ratio_momentum,0.10755587058206617,0.11541743697740242,-0.11358140656351798,0.12386855403460537,-0.07151857554634201,-0.03813088277855605,0.06088855466731304,-0.11520869294495982,-0.06432172037004154,0.03928823123156806,0.07709204994484434,-0.027203410069814447,0.04153481738982976,-0.012942282816605446,-0.10689911147036829,0.0365122754615627,-0.056869440492050984,-0.035766196707742455,0.023393912277129506,0.0037418871713822697,0.046294643547221306,-0.003877898041241423,-0.010110152733299328,0.04903735792275027,-0.06977731246703052
bitcoin_momentum_5,0.12527626618366128,-0.028486842435225118,0.09331832327011867,-0.07804248211825503,-0.05275774658766948,0.03807427291385111,-0.1294018425189254,0.15628044999671428,0.03576121429092222,-0.016058653555683703,0.02975615097586506,0.07260654514111141,0.015463702714694313,-0.08584454812141093,-0.043646159506267095,-0.1019936584387171,-0.016191460823449053,0.042494890455438444,-0.001591292881281641,-0.08474933518669456,-0.028752520268662013,-0.05992575877009411,0.06929210378541366,-0.08668717645820874,0.023060359364856845
ethereum_price_sma30_ratio,0.13680623596587632,-0.10929232168306684,-0.07449815006395882,-0.005238826058590434,0.008980858708456817,0.11860902427330385,0.10501593627859636,0.013514867706916631,0.002331283994944454,0.0427134454459219,0.03482203029432821,-0.0644814190630215,0.05386773837913765,-0.0177425817139618,0.012193699600479346,0.002668291743314774,0.04608511968860472,0.01888114976569298,0.041363260062886625,-0.06658056071562234,0.05543571448521632,0.0033521053882398207,0.028629875171189784,0.013504034199083859,-0.02566289223024318
solana_momentum_5,0.10189823581776644,-0.025691169791483493,0.0950076704957485,-0.06656109004934507,-0.07194388246625691,0.03615229504827384,-0.19613241521093686,0.10487650022605835,0.0055415153242904915,-0.027444839479443792,0.04029891938452318,0.12030409918010422,0.010101424505794415,0.013721675681089564,0.11107673261104829,-0.04212213225139502,-0.067891248574371,-0.05648252869405803,0.18491358589153603,-0.02109685480657848,-0.008666131607710435,0.05847574763252792,0.030318670761835472,0.13076897273148352,0.08059997959761593
breadth_positive,0.0677311583687367,0.059957863029846646,0.19444466077570802,0.0689499628444533,0.14099610997167755,0.01796800103951305,0.07142646880332382,-0.060293189737563056,0.03443302406267701,0.014756867136027748,-0.015338696485773327,0.0009060711005831779,0.024037993571222584,0.01386498690818445,-0.006110180797656511,0.007918380827981414,-0.056493638401789045,-0.048205187497346924,0.019317295965069984,0.03467869257900533,0.10385421312812569,0.04873266079570772,0.05898898350170082,-0.029490766789592924,-0.13081141554922743
tether_reverse_bb_momentum,0.026534550547523846,0.028353803334284788,0.10493283874889077,-0.010075106864222623,0.011144526566136051,-0.20260027379128842,0.24024323070815473,0.10600751804785706,0.032118652833601526,0.02845651725246472,-0.001411220817917193,0.007047896186767302,0.10989064358306283,0.12389586601779821,0.0693775784814114,0.025218139526642716,-0.025219757298530397,-0.04099974555851581,0.08629227229078712,-0.09172350811851097,0.09885600978796244,0.03822842173913991,-0.07200572484183254,-0.11731017076797617,-0.0032687520886669464
bitcoin_reverse_bb_momentum,0.07718588908599978,0.015296058775083303,0.19493216667913146,0.02849449848333607,0.13763237681840546,0.023180692299670704,0.04396611388412606,-0.05508662859903791,0.014033235229234154,0.023162551433116383,-0.08881507671202378,0.08653123044213573,-0.018528132438742538,-0.08680544842384871,-0.08011040050500495,-0.030742133734743667,-0.06604018612359198,-0.02755576022493923,0.015155487654465375,0.020562014352811037,-0.031469675727301666,0.060959824370368385,0.08070934051252186,0.07649990598328883,0.13151571336155146
binancecoin_price_sma30_ratio,0.13518153757785412,-0.02916082420701026,-0.05669974096305197,0.11534114828322169,-0.024724452009261003,0.07289509512707269,-0.006302867654243473,0.05215617326339933,0.1413952096379784,0.07676447048039627,-0.09568721698589236,-0.005081862911490285,0.08286803039185522,0.038661913320256334,-0.027423269922272456,-0.027635930275483916,0.06153647978522534,0.026128100865330624,-0.04027784004998254,-0.12728824726176843,-0.05316674621666314,0.01336499342816924,0.03657356953971165,-0.004523886826660848,-0.06460495703086366
bitcoin_realized_vol_30d,0.04314545412655033,0.2374001251902658,-0.03065967451238337,-0.09343416694761547,-0.07973405409771542,0.05405577048297448,0.018836182808501196,-0.08271526716321394,0.13754561885059288,-0.07459484127419681,0.01609105488247359,0.02623266599127029,0.03871927613599909,0.04956604524579592,-0.13168195048358944,0.019810414990566776,0.11550707400707988,-0.05627357051608521,0.018217855107065507,0.07677924702771821,-0.12879667427284774,-0.00830283361223758,-0.07428001349409573,-0.022105966834499,0.02247243044386662
binancecoin_momentum_5,0.10197549832854115,0.015248455351478382,0.07091204318477297,0.1429977305917922,-0.0888258504999381,0.07821596714407535,-0.13902992590170815,0.2179663496605579,0.031567094753016445,-0.038641740581026256,-0.03618110049009865,-0.050961991065283686,-0.05037913810527133,0.08632243091332999,-0.029057946480575712,0.10083465519222681,-0.01655731086959469,-7.230278479963923e-05,-0.014321347418237472,0.05990258818258895,-0.06510246682418552,-0.08284547385434632,0.00038902467754516436,0.01580705256245934,-0.019785224355482092
bitcoin_bb_position,0.10028776372297148,0.0071293406517741065,0.15853422653734262,-0.01004941737834883,0.05006421406708435,0.0170742967810665,-0.022505089327789208,0.035363015362811875,0.08903950938490554,-0.007119129294908118,-0.07144266384416197,0.08415197915161597,-0.01137705451660135,-0.136025485595251,-0.17777578741838174,-0.17574595101729798,-0.26039760322871663,-0.012786067724986024,-0.05727533339757313,0.018475441839414578,0.07510607194237524,-0.013167813521605896,0.016537223076257438,0.02180368580372826,-0.13201239805383436
bitcoin_sortino_30d,0.1273067061925557,-0.07338837465971002,-0.08783374628235806,-0.06408662325465092,0.03413798549987891,0.12456072214113782,0.12958450506891134,0.030841431220768215,-0.028772176804245892,-0.008497281663787399,0.02931990536313763,-0.0767910066117763,-0.1115784912506898,0.09461060554565709,-0.031255514993000964,-0.0006867140903213617,-0.05960704590803256,0.057408820976201196,0.02587264641931893,0.021527980414562796,0.011921147321585642,-0.00984379531136114,-9.738341758848614e-05,-0.010691432241786635,0.10931787210972845
binancecoin_sortino_30d,0.10411854315294697,-0.0476033202070024,-0.09961009639852306,0.07676323357042865,0.029145223601643455,0.17895970318782556,0.12138412322058195,0.1063241659641596,0.029657453027740255,0.0979633652942556,-0.015014113940957767,0.05507964690261166,0.035092791212296,0.12680676989845363,0.058503140168246634,-0.044963893677909636,-0.02958586773806446,0.08445952165932133,-0.05817468324537653,0.03866454811331504,-0.09229895946873877,-0.017734830280403593,-0.06674554231905021,0.03545150730201119,0.020556652099815033
ethereum_realized_vol_7d,0.021867755322876943,0.10827547059544376,0.026396015509206464,-0.09730413438988061,-0.06556477986545008,0.18054966443848924,0.10169707580757271,0.0774081257198832,-0.22886178204600707,0.07747384630163832,0.04285124504168951,0.039123197732255525,-0.014646591067713453,-0.1422790083503496,0.2781824851633646,-0.027637246557480406,0.027461488585422734,-0.06405691633417203,0.0578114829306912,0.11398588632067233,0.03769025663013344,-0.17447567814288234,-0.038619541370798094,-0.04364037648273067,-0.1069392707467367
tron_momentum_10,0.08319640125249947,0.03611490448916741,-0.08641424836702488,0.10508196943653113,-0.07857795745738234,-0.0678728396073838,0.08233037059051894,-0.029894852028086026,-0.014237576723237772,0.053651435334254816,-0.15348340073770494,0.22634456138848655,-0.2300812114417514,0.02927555556476152,0.07006248472185829,-0.047978327981157656,0.05651309631590667,-0.10717611144268603,0.0041818114594409156,0.08518544178814012,-0.0480154229470613,0.14781251705009063,0.1355873229570741,0.005261123870542101,0.07977539477441255
usd-coin_reverse_bb_momentum,0.01072467308944018,0.013594006585235869,0.03205934067572538,-0.01830816522576581,-0.028786569259232876,-0.1761139435714215,0.1740712544489067,0.13068127242883867,0.03703010845863624,0.018204434803733655,-0.020878883426854882,-0.06979207465276371,0.25575901493220654,0.2627141431336608,0.14099653359593783,-0.15728069158080543,-0.099688262184456,-0.24857783781755363,0.1302815062090143,-0.11044511059363633,0.09007927129995519,-0.08278947358546877,-0.07575397242570475,-0.08956294265391543,-0.009732850449295378
binancecoin_bb_regime_type,0.05334569129665494,-0.10471618730016864,-0.05244684089830238,-0.09441979741203639,0.039835431593187726,0.03472902176818776,0.018770896758877723,-0.03551055087477969,0.07745757585412491,-0.07201053324956262,0.0016194971123085088,0.3727815788480972,0.20074838542315002,0.06909580684947655,0.003378543977890469,0.0767532325813494,0.060854175269590985,0.09531861170253242,0.15013577964645614,0.1312064979966355,-0.2507808824260352,-0.029353754897040483,-0.22410695660933885,0.010227634892186107,-0.2404837392739503
binancecoin_reverse_bb_momentum,0.0602011807984321,0.04669188816631876,0.14842854242917666,0.13628203077622034,0.12252653818659529,0.06368409808848341,0.02512163554788485,-0.021965835767769625,0.025940390716015376,-0.051517306452186225,-0.09856297732815493,0.07932564845735186,-0.17390429805188837,0.1498459353758628,0.024619563545127322,0.1296756754727744,0.09688196022702682,-0.058813797234734996,-0.039472402774429906,-0.12488578635281883,-0.0020286620616155014,-0.09906686537405607,-0.025443968757996514,-0.08450547694517924,-0.10895249261574608
litecoin_reverse_bb_momentum,0.06846132795511363,0.03906795616306385,0.14063318568643593,0.08838436546922515,0.1484674394765475,-0.030746112583123215,0.051034169734115085,-0.0893497566304278,-0.005412945496226182,-0.04985954485481136,0.031884272322892745,-0.09698503475781912,0.0568517176424481,0.015339233735089691,0.05921188577475099,-0.03856152475744556,0.02954321960710693,0.02492321804868476,-0.1575457612797248,0.03682879542267443,0.04002095617502699,-0.2901116468324823,-0.14327673744273098,-0.06337612952072882,-0.06182178910733266
tether_vol_30d,0.05242750325348397,0.12936359077867438,-0.13112647260196278,-0.029792600728477142,0.21354274620476324,-0.10212680349137798,-0.10782965145934224,0.094252272969223,0.08575944269252711,0.14737355417511985,0.0319401502260226,0.02303701435029943,0.006774975059022875,0.023876820506339227,0.0006314124805955491,0.0390382829690433,-0.027786564475213514,0.04612061347904298,0.06134856258390718,0.05601689906431784,-0.010191412644878347,0.02196815814077126,-0.10960546456870852,-0.022964332439945005,0.003912249313643314
ethereum_momentum_5,0.12940551360617678,-0.0400809158788489,0.0492113665036112,0.04593315429214643,-0.10509322638633183,0.0767377755125799,-0.08538090129431118,0.1524464001148096,0.0029354938331278284,0.06160454909177346,0.09399479390018062,-0.020741635368091354,0.10872756877906165,-0.06050750567939786,-0.009697332788180475,0.0863290430959219,0.03139567190231701,-0.0415341498113016,0.0853350338662208,0.08318359934594885,0.04061200971510432,-0.016912868720521692,0.08129574802335984,-0.06053912405203016,0.00044239248949645336
usd-coin_momentum_10,0.011849315144711853,0.017110460957488086,0.020199307570873258,-0.049037028568392704,-0.02405628747866743,-0.18233359103284985,0.1530099729431685,0.10704180665015023,0.05692378221039351,-0.027601702360356334,-0.13443945637946633,-0.06684723227992308,0.14376633129937577,0.12969811756422142,0.08864643889572382,-0.24975583565516127,-0.05939769730115695,-0.1445625827539861,0.029598048845583837,0.07658526201767718,-0.17455289070836572,-0.19605223948128547,0.07118598742176405,0.47789147297492923,-0.028690390777202736
market_stress,0.021547167449748012,0.032930332080157415,0.016987143281581046,-0.08407325349648108,0.003955504081752048,0.04815819309602888,0.02600989431925122,0.054169588775070464,-0.21533065590055012,0.12475402215601884,0.026377162352883433,-0.05051043108778604,-0.02075366294316483,-0.12921372716382257,0.003632193513507486,-0.22695118986056498,0.16587943217129833,-0.1116216667574761,0.1462782130870623,0.11859021852656718,-0.3706598404157018,0.3641388080399017,0.14278822948757408,-0.25306860336068926,-0.21956979535029925
ethereum_var_95_30d,0.07950285879049347,-0.19058853756598093,-0.09628437775323577,0.0598723597813783,0.1452005970423162,0.0056596000676216625,0.04743065420674968,0.08847555166490664,-0.07097075901183086,0.06492479338727154,0.03353223081167686,-0.03597194920043151,-0.07620803979248215,0.03419445766088856,0.08383321657700323,-0.03301488851166903,-0.037702852319360734,0.004787819010163716,-0.0018349567428524026,0.030731403094874755,0.003940606257888406,-0.030808217990506655,0.07278388251677549,0.004906534043632571,0.03589713196317092
bitcoin_macd,0.11945473136804713,-0.09434885704616905,-0.1451592750590222,-0.06574734689412061,0.10730459860009131,0.03371949679691743,0.06708713637135202,0.007596260614557204,0.02588847745487032,-0.08407114720867878,0.04894758811294537,-0.031837299100711786,-0.0030840782088941312,0.04319613409410134,-0.05693727703938177,0.03484634168480507,0.03455102251380414,-0.07850164736533528,-0.038219376310197326,-0.04203504935305429,0.0034214789146017077,0.04405294133957003,0.028394855687975284,0.02838108492545299,-0.010151827950876198
usd-coin_btc_ratio_momentum,-0.13083109811401442,0.07074003112453332,0.014161355842554428,0.14245926095183756,-0.03593026189698414,0.004577941297100005,0.027879806315960147,0.08283810775562507,-0.09887598785811895,0.07920984507859044,-0.0325874462471149,0.03420684413778528,0.034518495893254945,-0.03326003542862959,0.10752348217141393,0.025829616573465674,-0.06862468601581746,0.05306351076414153,-0.05399845815777519,0.17822708265887652,-0.03836352157273381,0.033206345148696054,-0.12345723063178596,0.03787852873767233,0.035356622747024224
ripple_var_95_30d,0.09714402974765651,-0.19063165655075515,-0.03836418298733442,-0.03740502877321505,0.03195613374936961,-0.01027538619453521,0.0495417646997711,-0.08134696688050258,-0.1689400868401906,-0.010313827934175072,0.07046671682664193,0.015474330737469058,-0.029629523407305416,0.07701313556505407,0.03055070988270832,0.018087674712138457,-0.03026827065671565,-0.03000626633621242,-0.0582416279251951,0.09483126717168461,-0.10337919995803202,-0.16482976197422539,0.026395837203863216,-0.0858554427543183,-0.027026095013814862
tron_btc_ratio_momentum,0.010864067603487295,0.08847350996215494,-0.10498562896250724,0.20549768986511863,-0.040461605860258036,-0.022630489476648304,0.09949810679440739,0.06608724532278744,-0.062860056516264,0.10967598129535584,-0.11753369423966822,0.26977111515274554,-0.15858977763997106,-0.00685893421849045,-0.027114028240992696,-0.03452743111071191,-0.039496824223884355,-0.07594716555917905,0.06427671729003942,-0.0015561220767970159,0.001570858150899155,0.007614704293661687,0.14451824902527946,-0.023170574932015565,0.05124455191573885
cardano_momentum_10,0.13132035271137765,0.06478509657825551,-0.05041650158093148,-0.052175794295734226,-0.05853797722828401,-0.06885654240553774,-0.027266201917455064,-0.1225882076165887,-0.08187345171817079,0.053463482848056035,0.03540114595634135,-0.006722781966100782,0.02439920901219037,-0.04789168425519964,0.12662755523258803,0.08762043936209186,-0.06263703788852153,-0.013631667529770396,-0.10510347425962181,0.005552811502453935,-0.0227385074011272,0.18355756925867864,-0.02292354397275134,0.06785983958884055,-0.02384569233906239
binancecoin_var_95_30d,0.07168417371952514,-0.23138591727618324,-0.028779035687663,-0.01920975985688442,0.059429183270753874,0.032731008595964485,0.04084729927491802,0.00931911098532822,-0.033892390750119336,-0.07118733686130849,0.03449682160108859,0.12314549161991177,-0.0009129870699492823,0.06840677514435482,0.04585478360707626,0.028842859598825748,-0.10345121123868088,0.026981571562369806,-0.03352750993513736,0.06920691063901126,-0.14669466700185835,-0.02571418768214767,-0.12401025117505846,-0.043605980476749594,0.0061259670245340766
tether_momentum_5,0.04774208050859351,0.019300880261930067,0.11783248387718587,-0.05513057696423411,-0.07520464254444327,-0.19584630771621653,0.16447295366825518,0.16634745957871142,0.0007907669650127743,0.0015539818118142236,0.08211966271468744,0.07951568563721023,-0.02664511524328747,-0.0036240879694385162,-0.015762786617514152,0.08502772984613273,0.004726110041496281,0.18276457836459337,-0.019253373084041528,0.009770233278504148,0.04593220799609123,0.20702345654250884,-0.006484796095415104,-0.20787236286342098,0.039442598203027056
avalanche-2_btc_ratio_momentum,0.1136942914225125,0.08711645246498065,-0.0863197136189201,0.08621775125015231,-0.08836300836380581,-0.03154544919343741,0.05157359187430694,-0.1379885345446748,0.01788817435360602,0.0900130937164315,0.042099541193907145,0.11181798849447751,0.0956378151680961,-0.0048610189296326494,-0.10157192879839272,-0.02325573593302261,-0.07535052193189082,0.03658139417051981,0.1273965291182246,-0.15649405779657813,-0.026818359168529003,-0.06966332417208987,-0.013798778652832867,-0.02931617035501743,-0.10614950229992212
market_momentum_14d,0.149830871693287,0.026841580465490122,-0.08597729774781825,-0.04481366058516903,0.00013521785869548912,-0.04602515921080016,0.0002877104359771782,-0.1208436959911133,0.0002431080307658441,0.002404105664212845,0.014768478657222205,-0.016708192835384418,-0.03770937431708612,0.03258413543188875,-0.10481107755740611,-0.01512116182471337,-0.003931322236928384,-0.026615456652143838,0.08297235308562803,-0.14675504568169173,0.04757927439644145,-0.028093913956245997,0.0729585971496431,-0.008309261722301255,-0.022900258418086208
matic-network_bb_regime_type,0.007995102855711096,-0.05422649652683651,-0.07432207460594031,0.045114636464012384,0.22851304824651064,-0.21842566268967556,-0.14254311330788633,0.10353262133121793,-0.11063087985880532,0.13246467224470476,-0.047110965865867306,-0.04532293343568564,-0.03412569127257608,-0.07704670996737804,-0.007614795920014775,0.07755028757489879,-0.037391717539715146,-0.06520622724814636,0.029631943798673607,0.05572153706343666,0.10235787228142379,-0.06377055181948418,0.02531255798947855,-0.06582540486088766,-0.027233007493831306
bitcoin_reverse_bb_squeeze,0.024135923399471487,0.0016782167916621709,-0.010741106980286417,0.0970268469704678,-0.06616582375688064,-0.07341873383036276,-0.056561561197619646,-0.13876956780843455,0.152246861070746,-0.22881030985093592,-0.08967921139515014,-0.2266065703539942,-0.11545770651399166,0.19164605890934266,0.05292072326045387,-0.008533949596080356,-0.02845373952419758,0.2029407490329163,0.22764684690385412,0.32910292925412554,0.04737248344415835,0.009379699978081293,0.18608310985581256,-0.13145558546706868,-0.14434492324518855
binancecoin_btc_ratio_momentum,-0.03213668497930501,0.056962812537928405,-0.019532043026798094,0.2825868025703231,-0.10622578828421635,0.006320228101189128,0.014545012405842174,0.06952210916654207,0.0800552367002942,0.16691668866315365,-0.1747988190176698,-0.002799668061395798,0.08105713412545874,-0.08833657597045377,0.05887857060462043,-0.014643218449278942,-0.012034966701541581,0.1377807002606329,0.0033101317604871078,-0.025266619427575784,0.010713446257498375,0.05297522062276194,-0.04885959989399583,-0.011695876195408347,0.022958859578765204
avalanche-2_reverse_bb_momentum,0.07873680520244916,0.061371290874223744,0.17598982987543563,0.08170081458558563,0.15074981811854019,0.044093770209049164,0.045897109666289244,-0.1104415818307197,-0.02248590106625371,0.0051603459039404635,0.007699825663374962,-0.0023321972020297604,0.06852553386016748,0.032432703335178836,0.024846479748116913,0.004132517606738267,-0.010960665933669,-0.02831092701083708,0.034134473943155094,-0.010521190752868788,-0.006348702152140498,0.006127126064010784,0.0051689074271775255,-0.051708296722813275,0.021839827687044882
dogecoin_reverse_bb_momentum,0.08623828481270397,0.02861259130520783,0.19190649164789875,0.03816791266539065,0.12921803591876804,0.04939204552798359,0.021668268115066558,-0.057205608264416556,-0.004921306017340098,0.1213191522409927,-0.027857584930359395,-0.03235527350809106,0.018086222469895188,0.0228409633652743,-0.04920959653877011,0.04601888692975768,0.012049472489077286,-0.0032510559529836656,0.09547660899514177,0.08920914120673944,-0.03299522870681942,-0.05202565977597588,-0.013284524509206332,0.019912372957016932,0.10297796768501433
bitcoin_price_sma14_ratio,0.14181217176871747,-0.05351550755006309,0.05291234512494722,-0.14337796639384015,-0.00954397142189675,0.009868056523445566,-0.07144000764115532,0.009587920707523134,0.08673085523539675,0.005328767706473101,-0.061027570813029716,0.013534708220270726,-0.021115943558927878,-0.06294585783828535,-0.034554170906924045,-0.03952575231846599,0.035454936935119974,-0.05065873962835131,-0.07172182453078471,-0.08942041204452189,0.008575080701442231,-0.04058872130152977,0.06415197188298835,-0.04499117995590164,0.015230900095190791
tether_price_sma14_ratio,0.055852939584463863,0.02115258329716689,0.12085347745308594,-0.1020925006064552,-0.0879690878607817,-0.22359158420633118,0.20870480177527262,0.10541269199649658,0.02141133614034734,0.034102677598288174,0.01709613096950995,0.025965026281890242,-0.09941521286515087,-0.07142811782787302,-0.07025116990789196,0.16251355604679826,0.02643612820147268,0.14746122506965137,-0.008214438663326756,0.01024551623585879,-0.007603906607672776,-0.014920508098729194,-0.006715315639419322,-0.0030064738797225253,-0.014380826853838916
ethereum_btc_ratio_momentum,0.08745833517076569,-0.09123664940645507,-0.07534344870966735,0.11401645914522787,-0.06826962645425352,0.10868203821794391,0.1727119871306378,-0.02308289298948932,0.0024016902608899986,0.1463528228630036,-0.0005268957595196555,-0.08976427154995945,0.057715312493972236,-0.09771742095994593,0.024237320299072555,-0.04490643979716505,0.03200557870464668,0.1622151425143877,0.20340482958736417,-0.15895859179185626,0.10995299749638478,-0.039090630078664604,-0.04850942658831829,0.027141774959319017,-0.018981794898801925
bitcoin_vol_7d,0.004184469133606972,0.18502654620086526,0.031112066820117596,-0.18153533569172248,-0.006254622218141206,0.10174714778872922,0.007093202329280418,0.06171301162869223,-0.13441752172389237,0.09682231101678596,-0.017917833585234248,0.10759998001881169,-0.0009191911176996603,-0.012188305954009958,0.1730178052193948,0.038630227531266326,-0.0003316338441192347,0.02960700224916622,-0.08109750411669192,0.11245956666709093,-0.03959840343147169,-0.14155108528710336,0.02200914342548849,-0.016555780931818802,-0.17266884043611722
litecoin_momentum_10,0.12184387812709718,-0.02712384672894344,-0.053669255657800764,0.09334682441418318,-0.04653348975903352,-0.1502656831038999,-0.03586614124410491,-0.0684072837309983,0.04497091356600262,0.012850792733374217,-0.022416329279495894,-0.06677862671237891,-0.06821233239763765,-0.16830427226317826,0.15698862897883462,-0.10535203525891473,0.04119452447987709,-0.07728777069769821,-0.11657509882073451,0.09356553283288035,-0.04629615441135149,-0.004061072442587093,-0.07712124289726466,0.016010880798864115,0.05994499049714107
litecoin_bb_regime_type,0.05912836656951852,-0.15863248100818828,-0.0304727860514142,0.0035425825896621436,0.09581029033825221,-0.07018977639184212,-0.01087534691337347,-0.06103286520448881,0.12701831107448247,-0.028500640486854155,0.03749040728280451,0.2016829115253706,0.17194202610473797,-0.06131704880935124,-0.015133805779573364,-0.04678126836836692,0.2220316040565953,0.09640122879257115,0.06470929813308224,0.12380142472337677,-0.0814252570096884,0.015332779587881661,-0.1139690514839593,0.018241276766429268,0.14601663025322367
polkadot_momentum_10,0.13105622527025435,0.057839746022758085,-0.0619100722602247,0.04113032255661262,-0.09755839162361497,-0.07225861660899181,0.013179445537411542,-0.14556770874820815,-0.06547999704263514,0.01943274645532112,0.022330611780834998,-0.08580702171651113,0.06613468350993344,-0.01826090469265869,0.03595508651962658,0.12924003965693148,-0.032024946940043465,-0.08848937309607707,-0.15275053383354004,0.15618693179542759,-0.004537468369646903,0.061379751845229855,-0.036448932415696994,0.026880357692148235,-0.02223116269461569
dogecoin_momentum_5,0.11965390135402332,-0.0045797992392248394,0.06970222092907423,-0.06349898435529382,-0.09333734238396647,-0.02167558200046489,-0.13490750238892787,0.1187603140207761,-0.06404774908505381,0.1260298158530706,0.021141230981171922,-0.06005939651613864,0.03977049940325239,0.07065087349098029,-0.038557715454882,-0.049576891231124735,0.0646394916261934,0.1269587536593543,0.0011564574263204905,0.02446190930000245,-0.0412146933734532,-0.06763761819811123,-0.04530072727066823,-0.009340438348395682,0.13006156259578017
bitcoin_reverse_bb_trend,0.08374951592266705,0.014682083024270126,0.1475998268048766,-0.0012346122364780595,0.05670330343414282,-0.003185934345012191,0.015427239626452363,0.04045010170269389,0.09827726156852491,0.002941494070758688,-0.06693504929479616,0.1099516397078298,-0.04240030049801028,-0.08258044581686505,-0.17659046204423998,-0.21710524834216585,-0.25565232052309417,-0.0019044149190312,-0.05514326194697742,0.08857468515738003,0.0652683612356357,0.06805801821362538,0.03522815257722794,0.12269141261587718,-0.25587700761977916
tron_momentum_5,0.0742504507030377,0.03277158527797126,-0.029118720128558793,0.14070920157321648,-0.09447199519988385,-0.012561256566720198,-0.04453278378521467,0.059749557126171554,-0.09981385462672812,-0.05380919852512318,-0.022812497713807875,0.2649726781060158,-0.2389895515941121,0.11254914369976433,-0.046673007459239316,-0.07031837718231079,0.16092862922776832,-0.004222262084436956,-0.04442824490310021,0.06462948562533904,0.0704205990494729,0.0271148023704342,-0.05480690764595036,0.15790788950155255,0.14130039245615594
polkadot_reverse_bb_momentum,0.08471429694258424,0.06463094389942352,0.1588712529788025,0.08468483951722085,0.1394664815759496,0.03812424464765807,0.028534170102208253,-0.11797774532057412,-0.042491417819316056,-0.021873850660868034,0.020826300451801248,-0.07487753189246296,0.022323331852116643,0.06098417703762678,-0.005010028942677706,0.08780039180191941,-0.004968501776231685,-0.08892205915790732,-0.05034654472355667,0.01960161983296581,0.04989988421059409,0.02522592387549283,-0.05992337963459998,-0.0728962046608548,-0.047667868852445706
dogecoin_btc_ratio_momentum,0.1193342565719321,-0.008729164517075935,-0.03144000367452409,-0.15412694763900997,0.0019761257150677876,-0.05365224626928834,-0.06031727830174287,-0.10688005394452613,-0.046586869187167736,0.16916673101352,-0.0356195495826192,-0.09794056832888813,-0.08547367216867403,0.17253395581124606,-0.07366413139443881,-0.030869371672583846,0.03848494618842485,0.13529781935069965,0.05405431781202535,-0.08572343418900706,0.04096881749825023,-0.040078814730213734,0.04540624997579634,0.03139080379428731,0.04637129182799155
tether_price_sma30_ratio,0.07606033569624447,0.019576291085073274,0.08861894301216612,-0.12155367193161554,-0.09237342706196253,-0.21845839186843108,0.17628891829878765,0.02751116855798503,0.0059571328834040664,-0.0719592254499531,0.04766329385497224,-0.05269262317806728,-0.145477983928985,-0.08546587258329073,-0.11745370570529032,0.10151069084835289,0.09182815597322376,0.012440890706196799,-0.019518537729746623,-0.01982165434108,-0.0193771550594317,-0.07917158958721743,0.0667340664765814,0.0026085661263284044,0.004699781449954568
avalanche-2_momentum_10,0.14015181438374988,0.03662824666795671,-0.045973386509865814,0.006544279270720294,-0.11434460403818816,-0.05548329277166492,0.006661734236511359,-0.1209038744119633,-0.007374275560698237,0.07814737753358982,-0.0660648741932969,0.029244886008445624,0.05679372664648898,-0.04448266647432043,0.05376708677541319,0.0860765822632774,-0.0327719333556574,-0.06433970518078382,-0.13448472985397833,0.03544042335041209,-0.03750632244990945,0.03559213752253375,0.009115729630395487,-0.024864287597566204,-0.009243455724305362
ethereum_momentum_10,0.13841847551446038,-0.06784355103211005,-0.04497262531607836,-0.0028329922185226786,-0.08435963469645416,0.027955713173620455,0.05189937437679,-0.06695697477726227,0.05861587283606809,0.11200323957547792,-0.07520932857122328,-0.07460435925326471,0.06178988997061963,-0.0911448754036767,0.10737713235947316,0.088283943728631,0.07353754836781665,-0.018468675369442435,-0.04933644019200214,0.04350147177324126,0.06339154706079006,0.04358673186328879,0.0165824086267495,-0.05859603078230832,0.021851174166007688
